speaker,dialogue,情感得分,情感分类
甄,"槿汐,让我看看。槿汐这孔雀开屏栩栩如生,真好看。",0.9673653512138874,积极
流朱,是!,0.5262327818078083,中性
槿汐,"哪里比得上小主的和合二仙呢?快看,跟要活过来了一样!",0.8955289849672298,积极
甄,"世上本无和合二仙,我不过随意想个样子剪罢了。不过我听说有人剪纸可以剪得和真人一模一样,",0.9984425421021994,积极
佩儿,"小主啊,眼前就有个现成的。我刚才看见小允子剪了小主的小像,正藏在袖子里呢。",0.9402403193018327,积极
小允子,你别胡说。,0.21115106243467652,消极
甄,"小允子,那给我瞧瞧!",0.8642481045830787,积极
众人,"快拿出来看看!拿出来看看!(小允子拿出奉上)呀,太像了!",0.06625063764036243,消极
甄,"小允子,你手好巧啊!",0.47629798174899574,中性
槿汐,是啊。,0.5262327818078083,中性
小允子,"奴才手拙,剪不出小主的花容月貌,下次剪个更好的再给小主。",0.8181333768827234,积极
流朱,"是很像小主,不过光看这眉眼,倒有点像浣碧!",0.725030480882625,积极
浣碧,我哪里能跟小主比呀。,0.6007971142404795,积极
甄,"让我看看。浣碧跟我时间久了,还真挺像的!",0.9001683823001436,积极
流朱,那我怎么半点不像小主?,0.4167577436710941,中性
甄,"若人人都一模一样,可不要吓人了?不过你那贪玩的性子,倒和我挺像的。",0.11504896103110995,消极
槿汐,"我听说宫中有这样的习俗:在除夕之夜,若是把心爱的东西挂到树枝上,而且挂得越高越好,便可",0.9922322644198794,积极
甄,"好主意!不过我看这院子里都是枯树枝,没什么可挂的。不如我们找个有梅花的地方,把小像挂上",0.7751204368914718,积极
槿汐,好啊!,0.6558628208940429,积极
小允子,"倚梅园的梅花就好,离咱们这儿还近。",0.9833334955540237,积极
甄,是白梅吗?,0.5,中性
小允子,"是玉蕊檀心梅,开得像红云似的,好看极了。",0.7938633938904353,积极
甄,"不错,雪花映着红梅簇簇,暗香浮动,这才算是良辰美景吧?我去看看!",0.017769540283747,消极
众人,小主去不得!,0.5025370734601784,中性
小允子,"小主身子尚未大好,不能外出走动,况且皇后吩咐下来说小主身感时疾,不宜外出走动,若是传",0.0660680224784127,消极
众人,是啊!,0.5262327818078083,中性
甄,"这夜深人静的,大家都在侍宴呢。我一会穿着斗篷出去,既暖和又不显眼,何况我都病了那么久了,",0.05781398752384126,消极
众人,小主!,0.6007971142404795,积极
甄,"谁都不许跟着!我一个人去。谁要还敢拦着,我就罚他在雪地里守岁一晚!(跑开)",0.23256238522404493,消极
流朱,小主!,0.6007971142404795,积极
甄,"自到宫中,人人都求皇恩盛宠,我一愿父母妹妹安康顺遂,二愿在宫中平安一世,了此残生。宫中",0.9980073916715667,积极
甄,"奴婢倚梅园的宫女,不想扰了尊驾,请恕罪。",0.8694085467330067,积极
皇帝,你读过书吗?叫什么名字?,0.9135118367359354,积极
甄,"奴婢贱名恐污了尊耳。(皇帝举步)哎-一别过来!我的鞋袜湿了,在换呢。(猫腰溜走)",0.9729295317557598,积极
允礼,今年的花开得和从前一样好啊。,0.8891075759120559,积极
允礼,"华妃折了许多梅花插瓶,她不是有意的。",0.11837154904429315,消极
皇帝,"是朕有心。华妃进王府晚,她什么都不知道。",0.2608912683104567,消极
允礼,"这么些年了,皇兄还放不下吗?",0.3928610942871341,消极
皇帝,"朕放不下什么?朕现在就等着开春后天气暖了,你来陪朕说说话、下下棋。",0.229204108212816,消极
允礼,"皇兄之意正中臣弟下怀。不过此时臣弟闻得梅香醉人,想喝杯酒了。",0.9993479400650132,积极
皇帝,"这等美事,朕与你同去!",0.17599912686428987,消极
允礼,"踏雪寻梅,尽兴而归,当痛饮三杯。",0.776499666636247,积极
皇帝,还有一桩美事。,0.1837233963534416,消极
允礼,哦?,0.5262327818078083,中性
皇帝,"朕没有想到宫女里也有才学之辈,也算是意外之喜了。",0.9820468195735766,积极
允礼,那恭喜皇兄了。,0.5587848699792587,中性
关键节点,第15集 (当众被揭穿失宠),0.9884678141129322,积极
皇后,"惠贵人,本宫看你气色真好,想来这一胎一定平安健康。",0.8105434987927674,积极
太监,皇上驾到!,0.6967361395413548,积极
众人,请皇上圣安。,0.9201629908788163,积极
皇后,"惠贵人有孕,臣妾身为后宫之主理当多关怀体贴,恪尽皇后职责。",0.9999412959488573,积极
众妃嫔,臣妾等亦追随皇后。,0.9994346568404496,积极
皇帝,"起来吧起来吧,来来来,(扶眉庄坐下)怎么样,今日觉得如何?",0.5302170774414214,中性
眉庄,"臣妾觉得很好,多谢皇上。",0.9984703094198005,积极
华妃,"皇上用过膳了吗?臣妾宫中来了位新厨子,做得一手江南好菜。",0.9989710863127229,积极
皇帝,"才在碧桐书院用过晚膳,改日吧。",0.7567679884922377,积极
华妃,"想必莞贵人宫中也有好厨子,方能留得住皇上。",0.4664811481077369,中性
甄,"华妃娘娘宫中的东阿阿胶桂圆羹已经让皇上念念不忘了,如今宫中又来了个好厨子,可不是要让皇上对",0.9005553383595059,积极
华妃,"月余没与莞贵人聊天,莞贵人口齿伶俐一如往昔啊。",0.18782419753306,消极
皇帝,"妮子伶俐,年幼爱玩笑,华妃也要与她相争吗?",0.9670725540745553,积极
华妃,"皇上,臣妾喜欢莞贵人伶俐,方才与她多玩笑几句。",0.9899846268852788,积极
皇后,"皇上,伊犁将军进贡了一些蜜瓜过来,一同品尝吧。",0.9709894190700643,积极
徐进良,"皇上,是时候该翻牌子了。",0.5346234126209848,中性
皇帝,"不必翻了,朕去皇后那儿。你那儿若还有蜜瓜,朕去你那儿吃。",0.7404095721270302,积极
皇后,是。,0.5262327818078083,中性
皇帝,"莞贵人,好好陪陪惠贵人。",0.618977627669709,积极
甄,是。,0.5262327818078083,中性
皇帝,谁在那里鬼鬼祟祟?,0.6124860316933152,积极
侍卫,"看见你了,快出来!(揪出茯苓)",0.6530057951894584,积极
茯苓,"别抓我别抓我,我是伺候惠贵人的!",0.647986750956456,积极
曹贵人,"这、这不是惠贵人宫里的茯苓吗,怎么在这儿鬼鬼祟祟的?",0.6110516641370786,积极
苏培盛,"手上拿什么东西?这是什么?(夺过茯苓怀里的包裹)怎么,想偷了小主的东西夹带私逃 ?!",0.9983498187887375,积极
眉庄,"好个没出息的奴才,赶快给我拖出去 --",0.3638568774958655,消极
皇帝,"你有身子的人,何必动气。",0.2828222622855623,消极
茯苓,"小主,小主救我呀!",0.5778389546316206,中性
眉庄,"你做出这样的事情,叫我怎么容你,快去快去!",0.9500423220507409,积极
齐妃,这、这裤子上怎么有血呀?,0.6437574969495529,积极
华妃,难不成是有人谋财害命?,0.7055439500418922,积极
皇帝,"这事蹊跷,哪有偷东西不偷值钱的东西,专拿些裤子裙子且是污秽之物?",0.09204231058110002,消极
皇后,这些是惠贵人的东西吗?怎么会沾上血了?,0.43953620262481197,中性
欣常在,莫不是惠贵人见了红?,0.8949084617596396,积极
眉庄,没有啊?,0.5262327818078083,中性
华妃,"皇上,这丫头古怪得很,臣妾愚见,不如拖去慎刑司好好查问一番。",0.08255551158000807,消极
眉庄,"手爪子这样不干净,赶快给我拖出去拷打。",0.3051028145460132,消极
茯苓,"小主,小主,奴婢替你毁灭证据,可你却狠心弃奴婢于死地!奴婢何必再忠心于小主?皇上,皇上,事",0.9926885938705442,积极
眉庄,"皇上,她、她诬蔑臣妾!",0.9389668769632576,积极
皇帝,"惠贵人受惊,去请太医来。",0.9035381674005083,积极
苏培盛,嘛。,0.5262327818078083,中性
眉庄,"苏公公,请为我去请护胎的刘太医吧,只是不知道今晚是不是他当值。",0.018845670614441867,消极
苏培盛,"回小主的话,今日并不是刘太医当值。",0.6175901252717685,积极
皇帝,"不在也无妨,去请太医院的院判章弥来。",0.5878868794090153,中性
苏培盛,嘛。,0.5262327818078083,中性
眉庄,"皇上,可是臣妾的胎一直都是由刘太医",0.9564790756518368,积极
皇帝,无妨!都一样是太医。,0.7848230770140697,积极
皇后,"章太医,究竟什么个情形?莫非惊动了胎气?",0.3983804322232889,消极
章弥,"皇上皇后恕罪,沈贵人她、她没有胎象啊。",0.8207076286069557,积极
眉庄,你胡说!好好的孩子怎么会没有了胎象!,0.524487566670282,中性
甄,"姐姐稍安勿躁,许是太医诊断有误也说不定。",0.958995338970475,积极
章弥,"微臣不是千金一科的圣手,若是慎重起见,还是请江诚江太医一同审定吧。",0.048418527941716194,消极
皇帝,去请!,0.5,中性
苏培盛,嘛。,0.5262327818078083,中性
采月,"这话不对,小主明明月信不来,呕吐又爱食酸,可不是怀孕的样子吗?",0.41370729772597303,中性
江诚,"可是依臣愚见,小主应该在前几日就来过月信,只是月信不调,有晚至迹象,应该是服药所致。数月前",0.0006163902335950544,消极
眉庄,"皇上,臣妾是私下问江太医要过一张方子,但是此方是有助于怀孕而并非推迟月信啊,臣妾实在冤枉啊!",0.9902771385888978,积极
皇帝,方子在哪儿?白纸黑字一看即可分明。,0.7874899722559565,积极
眉庄,"采月,去把妆台上妆奁盒子底层的方子拿来。皇上,臣妾知道私相授受事犯宫规,还请皇上恕罪!",0.9998114947491848,积极
华妃,"是啊,这私相授受可比假孕争宠的罪名小多了。",0.9996828822271699,积极
采月,"小主,没有啊。",0.6007971142404795,积极
皇帝,别找了!苏培盛。,0.82001459762502,积极
苏培盛,奴才在。,0.6310155400458577,积极
皇帝,"去给朕把刘畚找来,他要是敢延误立刻绑了。",0.31497692920361453,消极
苏培盛,"回皇上,刚才奴才去请江太医的时候也顺道命人去请了刘太医,可刘太医的住处早已人去楼空了。",0.7237487310295312,积极
皇帝,"好一个人去楼空。沈贵人,他是你同乡对不对?他是你举荐的侍奉龙胎的对不对?",0.3870080810450707,消极
甄,皇上-一,0.6611822344841426,积极
皇帝,"谁敢替沈氏求情,一并同罪而视。",0.40111264443777594,中性
甄,皇上 -- (眉庄制止),0.40400960647894046,中性
齐妃,"皇上,莞贵人与惠贵人一向交好,不知今日之事 --",0.8158776935980974,积极
皇帝,住口!,0.5,中性
苏培盛,"皇上,您息怒啊。",0.47014408912625927,中性
皇帝,"欺骗朕和太后,你还敢戴着这个簪子招摇!(拔下眉庄的簪子)",0.007656918726620332,消极
皇帝,"朕一向看重你稳重,不想你却是如此的不堪,以假孕争宠,真是叫朕失望至极。",0.627815223899499,积极
眉庄,"皇上,臣妾冤枉,臣妾真的冤枉。",0.9993611079208312,积极
甄,"皇上,臣妾与姐姐一同长大,姐姐是何为人臣妾再清楚不过了。纵然今日有错,也请皇上念在姐姐素日",0.9999561575778194,积极
陵容,"请皇上三思,请皇上饶恕沈贵人。",0.12612170641988374,消极
皇后,"莞贵人之言也有理,惠贵人只是太急切想有子嗣罢了,还望皇上顾念旧情。",0.9607049815257149,积极
皇帝,"贵人沈氏,言行无状,着降为答应,褫夺封号,幽禁闲月阁,不得朕令任何人不得探视。",0.0666623890337451,消极
苏培盛,"请皇上示下,那刘畚与茯苓二人?",0.6976908779089459,积极
皇帝,"追捕刘畚,要活的;茯苓,杀。",0.7968487849765323,积极
对应集数,第42集,0.8156303596194243,积极
甄,这个地方我来的比你多，当初我就是在这里看着丽嫔在我面前疯癫无状,0.24414533700826135,消极
华妃,你不要做梦了，你把我害到如此地步，我做鬼都不会放过你,0.5363132389237845,中性
甄,没有人要害你，是你自作自受，淳贵人溺水是你做的吧；在温仪公主食物里下木薯粉也是你做的，指使余氏在我药中下毒，推眉庄入水，冤枉眉庄假孕争宠，可样样都是你做的吧,0.8387103947904441,积极
华妃,我就知道，曹琴默那个贱妇敢反咬我一口，必定是你在背后指使，凭他哪有那个狗胆！,0.7228129071542112,积极
甄,你还真是知人不明，你几次三番利用温仪来争宠，甚至不惜拿她的性命来开玩笑，襄嫔（曹贵人）是他的生母，哪有不恨的道理，你以为他恨你的心思是从今日才有的吗？冰冻三尺非一日之寒，你早该知道她对你有异心了，,0.9999525120796046,积极
华妃,以我当年的盛势，连皇后那个老妇都要让我三分，曹琴默不过是我身边的一条狗，我怎么会把它放在眼里,0.9893146145408461,积极
甄,可惜他是人，人要比狗复杂多了,0.7045669695652997,积极
华妃,贱人，你跟你父亲一样狡诈，若不是你父亲设下诡计，我们年氏一族不至于一败涂地，你们宫里宫外联手，不就是为了置我于死地吗！,0.997289510769816,积极
甄,若不是年氏一族居功自傲，任意妄为，有何至于此呢，你别忘了，你的夫君是皇帝，君王枕畔怎容他人酣睡,0.9864608992038528,积极
华妃,我哥哥是有功之臣，为大清平定西北，战功赫赫,0.99840943687185,积极
甄,再怎么战功赫赫也是皇上的臣子，怎可凌驾皇上之上，岂非谋逆（貌似华妃有所领悟，这时苏培盛过来要送年氏上路，推门进去，说奉皇后懿旨让华妃在毒酒、白绫、匕首里面任选一样）,0.9998731925149282,积极
华妃,皇后懿旨，皇上的圣旨呢，拿来,0.7008998224031728,积极
苏培盛,皇上的意思是，交由皇后娘娘全权做主,0.4349977373976138,中性
华妃,没有皇上的圣旨，我绝不就死，皇上能亲口下令杀了我兄长，还怕再下一道旨意给我吗？,0.1753588666923026,消极
苏培盛,皇上说了，任何有关小主的事都不想听到,0.24823714374343053,消极
华妃,（快哭了）皇上就厌恶我到如此地步吗？去请皇上的圣旨来，我等着,0.8770230680075298,积极
甄,苏公公，且缓一缓吧，容我和年答应告别几句,0.7123780236357213,积极
苏培盛,是，娘娘自便吧，奴才在外头候着就是了（放下东西，出去了）,0.2919096812144484,消极
甄,真是对不住了，称呼惯了您娘娘，骤然要叫你答应，还真是不习惯呢（对小允子说手炉凉了，让他出去了）皇上为什么厌恶你，你知道吗？,0.0008795126979898038,消极
华妃,皇上从来都没有厌恶过我，皇上从前很宠爱我，就算我犯了再大的过错，他在生气，也不舍得不理我太久,0.9436934086589797,积极
甄,皇上为什么喜欢你，你知道吗？就因为你的美貌？宫中可从来不缺美貌的女人,0.9949680295748952,积极
华妃,你是说，皇上因我是年羹尧的妹妹才加以宠爱，端妃也是将门之女,0.9295072664225223,积极
甄,其实你自己心里面都清楚，又何必要自欺欺人呢,0.1467116462019824,消极
华妃,你胡说，皇上怎么会对我没有真心,0.5307636402588614,中性
甄,或许有吧，可即使有，你和年羹尧跋扈多年，这点真心，恐怕也耗得一点都不剩了,0.7244548135751875,积极
华妃,你个贱人知道什么，记得我那一年刚刚入王府，就封了侧福晋，成了皇上身边最得宠的女人，王府里那么多女人，个个都怕他，就我不怕他，他常常带着我去策马，去打猎，他说他只喜欢我一个人，可是王府里的女人真多啊，多的让我生气，他今天宿在这个侍妾那里，明晚又宿在那个福晋那里，我就这样等啊等啊，等到天都亮了，他还是没来我这，你试过从天黑等到天亮的滋味吗？,0.0328853748875505,消极
甄,我一早知道他是皇上，他的夜晚从来不属于我一个人,0.40884408836912123,中性
华妃,当然，你从来都没有像我这样喜欢过皇上，后来我有了身孕，皇上很高兴，可是渐渐他就不那么高兴了，虽然皇上不说，可是我能感觉到，王府里长大的就只有三阿哥一个，我知道他担心，我就跟他说，别怕，我会给你生下一个皇子，可是没过多久，我喝了端妃送来的安胎药，我的孩子就没有了，太医告诉我，那是一个已经成了形的男胎，,0.9910049104944695,积极
甄,你的孩子没了，就要拿我的孩子来陪葬吗？他在我肚子里才四个月大，你居然要置他于死地,0.19969477260822688,消极
华妃,我没有要杀你的孩子，是你自己不中用，才跪了半个时辰就会小产，你自己保不住自己的孩子，何苦要来怪我，我是恨皇上专宠于你，我从来没有见过皇上如此宠爱一个女人，有你在，皇上就不在意我了，我不想再从天黑等到天亮了，只要是敢跟我争宠的女人，就都得死，我是让余氏下毒杀你，可是我没有想过要杀你的孩子,0.5972169682412716,中性
甄,你没有？就算你不是有心的，可若不是你宫里的欢宜香，我又怎么会身子虚弱，才跪了半个时辰我就小产,0.10838366109862796,消极
华妃,欢宜香，欢宜香,0.7147293797565082,积极
甄,你知道为什么你小产之后就没有再怀上孩子了吗?你知不知道那欢宜香里面有大量的麝香，你用了这么多年，当然不会再有孩子了,0.8664109541282355,积极
华妃,你信口雌黄，那香是皇上赐给我的，皇上，不可能，这不可能,0.3369414874159592,消极
甄,若不是皇上的旨意，怎么会没有太医告诉你，你体内有麝香，且不说你多年不孕，就连你当年小产，也都是皇上的旨意，端妃那碗安胎药，只不过是替皇上担了虚名而已，你灌了端妃再多的红花，也换不回你的孩子（这之间华妃一直在说不可能）,0.0006217448910506018,消极
华妃,为什么，为什么,0.5262327818078083,中性
甄,因为你是年家的女儿，皇上对年羹尧早有戒心，他不会让你生下有年氏血脉的孩子的,0.9896027782015981,积极
华妃,（又哭又笑）皇上，皇上，你害得世兰好苦啊（一头撞死了）,0.9965171008020975,积极
对应集数,第29集,0.4764553180770126,中性
甄,你在外头候着，谨汐会陪我进去。,0.12399507676849697,消极
浣碧,是。,0.5262327818078083,中性
甄,给贵妃娘娘请安，嫔妾晨起不适，所以来晚了，还请娘娘恕罪。,0.09234483468362142,消极
华妃,知道你有孕在身，难免娇贵些，起来吧。,0.9281796202648401,积极
安陵容,这玫瑰乳酥是糕点中最香的，可是经贵妃娘娘宫中的香一熏，便觉得索然无味了，恕嫔妾斗胆，不知娘娘宫中焚的是什么香。,0.20627509645578657,消极
华贵妃,安常在的鼻子倒好，这是皇上命人为本宫精心调制的香料，叫做欢宜香，宫中唯独本宫一人可用。,0.9982301728872687,积极
安陵容,嫔妾见识浅薄，不如娘娘见多识广。,0.8687281366059174,积极
曹贵人,安妹妹侍奉皇上晚，自然有所不知，这欢宜香还是皇上在王府的时候就独许贵妃娘娘所用，其中所加的一味龙涎香还是先帝赐予皇上的，皇上就取了其中一半用来给贵妃娘娘制作欢宜香。,0.9999963293681996,积极
华贵妃,成年往事了，你说这些做什么。,0.9788870726312693,积极
曹贵人,是，嫔妾多嘴了。,0.7447639870626535,积极
华妃,近日宫中的宫女、太监拌嘴打架的不少，趁着这段时候得空，宫里也该好好地整治整治了，宫中的宫女、太监拌嘴打架，无非是依仗着各位小主的权势宠幸，奴才如此，必然是上梁不正才下梁歪，譬如富察贵人，当日借着自己有身孕便恃宠而骄，倘若还有人不知教训，继续步富察贵人的后尘，那就太不应该了，莞嫔，你可知罪呀，今日各嫔妃齐聚翊坤宫听事，莞嫔无故来迟，目无本宫，还不快跪下。,0.9988956314567574,积极
甄,嫔妾知错，方才就已请罪。,0.7635655174821748,积极
华贵妃,如今便目无尊卑，倘若来日诞下皇子你又要怎样的，岂非整个后宫都要跟你姓甄。,0.7634681249222756,积极
甄,贵妃娘娘虽生气，但嫔妾却不得不说，富察贵人有孕时，皇上和皇后都加以照拂，这不是为了富察贵人，而是为了宗庙社稷。嫔妾今日也并非无故来迟，就算今日嫔妾有所冒犯，但上有太后和皇后，方才贵妃娘娘所说的后宫随甄姓，实在叫嫔妾惶恐。,0.9840194986904753,积极
敬妃,贵妃娘娘，说了半日，口也干了，不如喝上一盅茶，歇上一歇，莞嫔她纵然有错，也请贵妃娘娘让她起身再说话吧。,0.007880149915082568,消极
华贵妃,女子以妇德为上，莞嫔甄氏巧言令色以下犯上，目无本宫，罚于翊坤宫外跪送女戒，以示教训。,0.7730812671618642,积极
敬妃,娘娘，外面烈日甚大，花岗岩石坚硬，莞嫔有孕在身，不能跪在那儿啊。 安陵容：还请贵妃娘娘恕罪，请娘娘看在姐姐有孕在身的份儿上，饶恕姐姐。,0.43083002555858907,中性
沈眉庄,娘娘责罚莞嫔事小，若是龙胎有个闪失，皇上和皇后回来，一定会责罚娘娘的。 华贵妃：宫规不严，最当加以整治，皇上和皇后在也会是这样，难不成，你要以皇上与皇后要挟本宫吗。,0.9954228517233956,积极
安陵容,还望娘娘顾及皇上。,0.5164446491597156,中性
华妃,莞嫔，你是自己走出去，还是本宫命人服你一把。,0.6679397472349017,积极
周宁海,莞嫔，请吧。,0.24699418451209743,消极
果郡王,皇额娘气色不好，一定不可以劳心劳神哪，要好好歇着。,0.21442999835314813,消极
太后,哀家哪里还能劳心劳神呐，皇上皇后这一走，六宫的事情，都只好托付给华贵妃了。,0.7180755791400912,积极
果郡王,华贵妃在王府的时候，就帮皇嫂打理事宜，一定会得心应手，不让皇额娘忧心的。,0.9889094277843111,积极
太后,华贵妃的性子，和她哥哥是一样的，能做大事，也能做坏事。,0.998330287231384,积极
太监,启禀太后，隆科多大人府中送来千年山参一只，望太后凤体安康。,0.04683792180354063,消极
太后,放下吧。 华贵妃她哥哥在朝中的事你听说了吗。,0.9921985251842518,积极
果郡王,难怪皇额娘身子不好，原来是不肯听太医的话，太医都说了不让您劳心的，您可好，这连外面的事情都管起来了，您这一嘱咐，儿臣就得到外边去问这些事情，这一次也就罢了，下次如果还这般，那儿臣可不敢再进宫了。,0.07467553387822223,消极
太后,你这孩子，越发油嘴滑舌了。,0.9648695404507616,积极
莞嫔,嫔妾有错自然要罚，可嫔妾身怀龙裔，实在不能长跪，还请娘娘三思。,0.2640496532432183,消极
华贵妃,你当本宫是傻子吗，你的胎一直安好，且已过了头三个月，早就已经稳定了，本宫也问了太医，怀孕的人跪上一个时辰也不打紧。,0.5515703139120748,中性
谨汐,干什么。,0.25210084033613434,消极
周宁海,跪下,0.47795503931718886,中性
谨汐,不可，不,0.3693910911319984,消极
谨汐,小主。。,0.5525328606245025,中性
莞嫔,嫔妾领罚，是因为娘娘奉帝后之命，代职六宫事务，公道自在人心，非刑罚可定。 华贵妃：好，本宫就让你知道，这公道是在我年世兰手里，还是在你所谓的人心。,0.9999973947570232,积极
华贵妃,好好诵读，读到本宫满意为止。,0.956024979392109,积极
沈眉庄,莞嫔有孕，实在不宜跪着。,0.1628106529794966,消极
华贵妃,（冷笑了一声）有孕在身就可以藐视宫规吗，本宫瞧你是好了伤疤忘了痛，你既为她求情，不如陪她一起跪。,0.9915023608777881,积极
甄,惠贵人并非为嫔妾求情，请贵妃娘娘不要迁怒于她。,0.7556374663137346,积极
华贵妃,若本宫一定要迁怒于她你又能怎样，你们不是姐妹情深吗，那好，捧着书跪到她旁边，让她诵读，好好学点规矩。,0.9574247139078361,积极
沈眉庄,（拿着书走到甄峙员撸对甄炙担┪遗隳恪,0.49080238383137353,中性
华妃,好热呀， 把妃嫔们的座椅都搬到廊前来，让她们好好瞧着，藐视本宫会是什么样的下场。,0.30060362869591595,消极
华贵妃,恩。。。这一群美人出了汗，味道照样是呛人，颂芝。。,0.4532424156821665,中性
颂芝,是。,0.5262327818078083,中性
华贵妃,去把香炉抬出去，多焚一些欢宜香去去味。,0.021005406145731542,消极
颂芝,是。,0.5262327818078083,中性
甄,。。。。蒙先君之余宠，赖母师之典训， 年十有四，执箕帚于曹氏，于今四十余载矣，战战兢兢，常惧绌辱，以增父母之羞，以益中外之累。。。。。,0.9994705049825963,积极
甄,。。。夙夜劬心，勤不告劳。。。,0.6726603654046879,积极
敬妃,贵妃娘娘。。,0.6521350015405524,积极
华贵妃,跪上半个时辰死不了人的，你若再敢多嘴，就同她一起跪着。,0.1595534138668575,消极
浣碧,都跪了这么久了，怎么还不让起来啊。,0.4168650239241941,中性
浣碧,奴婢是碎玉轩的，有要事求见太后娘娘。,0.12151135308140948,消极
浣碧,人命关天，还请公公放行。,0.08843944065497711,消极
浣碧,（大叫着）太后，太后,0.13635241128054154,消极
阿晋,浣碧姑娘，你怎么在这里呀。,0.9067727256589115,积极
阿晋,我，我怎么不能在这里呀，我陪着王爷进宫的。,0.779616079184921,积极
浣碧,阿晋，王爷呢。。。。,0.28464188107400057,消极
甄,。。。。卑弱第一，古生女三日，卧之床下，弄之瓦砖，而斋告焉。。（甄忠涯咽苤极）,0.0014422255623156577,消极
华贵妃,来人呐。,0.16453662526145774,消极
周宁海,是。 华妃：打。有身子的打不得就打那个没身子的。,0.40445915745349637,中性
周宁海,。,0.5,中性
甄,不能打，不能打。,0.23600875747652383,消极
谨汐,小主小心哪。。,0.2675440871504762,消极
甄,不能打。,0.3693910911319984,消极
谨汐,小主。。,0.5525328606245025,中性
甄,（突然趴下）：贵妃娘娘。。。,0.26387725040140564,消极
华贵妃,你若再敢偷懒，你的好姐妹就得替你受罚。,0.20574830433498448,消极
华贵妃,（笑道）你们瞧瞧她呀，可真够笨的，连装病都装的跟富察贵人一模一样，也不想想这理由找多了谁都会烦的，也不换个由头吗。,0.009714528196034355,消极
安陵容,贵妃娘娘，姐姐身子虚弱，若是中暑晕过去，怕是娘娘也担不起责任那。,0.07883149836865588,消极
华妃,（冷笑道）本宫倒要看看她会不会晕倒，周宁海，去拿些薄荷艾叶来熏，若熏了这些，她还会中暑晕倒，便是蓄意欺瞒本宫，本宫纵使惩罚不了你，却绝对不会放过跟你同流合污的惠贵人和安常在。,0.0003363296858989173,消极
甄,。。夫妇第二，夫妇之道，参配阴阳，通达神明，信天地之弘义，人伦之大节也。。。,0.9919166448059757,积极
安陵容,请娘娘饶恕姐姐，请贵妃娘娘饶恕姐姐。。。,0.8796080281184144,积极
敬妃,贵妃娘娘，娘娘。。。。,0.5319332131210317,中性
甄,。。。由斯言之，不可不重也，夫不贤，则无以御妇。。,0.029960723947354162,消极
敬妃,娘娘，已经过了半个时辰了。,0.5281963255195758,中性
华贵妃,不急，再跪一刻钟再说吧。,0.05584651785186601,消极
敬妃,只怕万一待会儿出了事，贵妃娘娘，你也担待不起啊。娘娘，莞嫔的脸已经惨白了。,0.7941395855301889,积极
华贵妃,她这样矫情做作是做给本宫看的吗，哼，本宫瞧她好得很。,0.6847864861290177,积极
华贵妃,果郡王？！竟敢私闯翊坤宫。站住！你要带莞嫔到哪儿去？！你不知道私闯内宫乃是死罪吗。,0.9956896692147701,积极
果郡王,死罪与否，皇兄自有定夺，本王之所以擅闯内宫，是因为不忍看皇兄龙裔有损，如果他日真因娘娘所言获罪，本王也本心无愧！,0.9967855798791853,积极
华贵妃,站住！！！！,0.4458369762577955,中性
颂芝,（拉着年世兰说道）娘娘，娘娘，那地上好像有血！,0.3484156615915155,消极
华贵妃,怎么会这样，不是才半个时辰吗，怎么会有血。,0.5589400940661045,中性
对应集数,第45集 (这是甄置运的绝对转折点),0.9437379333129482,积极
甄,寄予宛宛爱妻，念悲去，独余斯良苦此身，常自魂牵梦萦，忧思难忘，纵得菀菀，菀菀类卿，暂排苦思，亦除却巫山非云也，除去巫山非云也，好一个除去巫山非云也，难道我得到的一切，全是因为纯元皇后，为了一个菀菀类卿，那我算什么？我究竟算什么？,0.9999999977567664,积极
皇上,你知道了，其实能有几分像菀莞，也算是你的福气。,0.5175522459414457,中性
甄,是吗?究竟是我的福还是我的孽?何止是皇上错了，我更是错了。这几年的情爱与时光，究竟是错付了。,0.9990790739293914,积极
苏培盛,皇上。,0.6611822344841426,积极
皇上,什么事？快说。,0.5354293913886036,中性
苏培盛,大牢来人禀报，说甄大人得了鼠疫，性命垂危。娘娘，娘娘，娘娘您是有孕之身千万要保重呀。,0.0669202041299396,消极
甄,皇上，皇上圣意已决，事不可违，但臣妾父亲蒙冤，还请皇上救活臣妾父亲，不使父亲含冤而死，一切罪责臣妾愿意承担。,0.9992821898458868,积极
皇上,知道了。(挥了一下手，让苏培盛把莞嫔拉走),0.995128980171741,积极
苏培盛,走吧，娘娘，娘娘。,0.5308414822084568,中性
对应集数,第47集 - 第49集 (主要集中在甘露寺和凌云峰的情节),0.9209024384377087,积极
浣碧,阿晋!,0.44444444444444464,中性
阿晋,"好久不见浣碧姑娘了,甘露寺里的粗茶淡饭,姑娘却更见标致了!",0.8169365454342553,积极
浣碧,"越来越油嘴滑舌,惹人讨厌。",0.9225944528976258,积极
甄,"王爷原说胧月生辰前五日来,却没具体说是什么时辰,我只好早些来,没想到王爷更早。",0.08619269895929671,消极
允礼,"我的私心哪,很想让我在此等待,如果碰到了,那就是一种格外的惊喜,如果未曾约定时间就碰见,那就是缘分使然。",0.9991241888266156,积极
甄,"说实话,男女情分上,我并不相信缘分一说。人们常常以缘分深厚作为亲近的借口,而以无缘作为了却情意的假词而已。",0.9999633683554767,积极
允礼,"娘子的言论,总让人觉得柳暗花明又一村,仿佛有尽之时,又别有一番天地。",0.9829310899388958,积极
甄,"王爷过分夸奖了,或许有一天真到了无路可去无法可解的地步,我也会说“缘分已尽了”吧。",0.966086246222892,积极
允礼,"若是在从前娘子得意之时,娘子的这些话不足为奇,只是现在娘子依傍佛祖修行,却也不相信缘分吗?",0.9972778682665845,积极
甄,"即便入寺修行,但我也有自己所坚持的信念,更何况佛法精深,我也未曾全都懂得,只希望佛法博远,",0.9994549540095322,积极
甄,"方才听太妃说起,王爷这几月去了北地一带?",0.6462432459936527,积极
允礼,"皇兄一时兴起,命我微服去北地一带,留心官员政绩如何,仓促得命就去了,也来不及告别一句。",0.9896204471943838,积极
甄,"如此一别,也快三个月了。",0.4819987228101571,中性
允礼,"自上次与娘子一别,八十七日了。",0.4316610371719666,中性
浣碧,王爷的记性真好。,0.6769305229352582,积极
甄,王爷博闻广记。,0.44767845850986676,中性
允礼,"这次虽然去的时间很久,但也算有所收获,中间转道去了一趟宁古塔,这封信给娘子。",0.6478113198671098,积极
甄,"是我父亲的信?(看信)“侄,我与你母亲俱好安心即可,闻得儿与浣碧同在甘露寺修行,亦好,大局已定,莫做徒劳之工,各自天涯,各自珍重,切莫过于挂怀。”",0.9999990834147691,积极
允礼,"从信上可以看出,甄伯父笔力犹健,身子没有大碍。甄伯父自己也说,远离朝廷,纷争既淡,过得反而舒心些。",0.9922349337751394,积极
甄,"宁古塔终年苦寒,父亲与母亲年事已高,叫我如何放心?",0.9919620274151427,积极
允礼,"宁古塔虽苦寒,但是人却可以得一夕自在,今番与甄伯父一聚,听他言语之间,颇有随遇而安的欣慰之意。朝廷中纷争内斗无数,纵然风光繁华,然而甄伯父年事已高,能有一方安乐清净之处,他亦能自足。",0.9999586593057298,积极
甄,"“烽火连三月,家书抵万金”,多谢王爷了。",0.9971700930810008,积极
允礼,"我与娘子知交一场,何苦说这样见外的话?额娘方才说起浣碧的婚事,我倒有一个人选,不知娘子意下如何?",0.2702636295075648,消极
甄,阿晋?,0.44444444444444464,中性
允礼,"阿晋大小和我一起长大,他的人品我自然是能担保的,况且他和浣碧也算是熟识,算不得是盲婚盲嫁。",0.9411348677591844,积极
阿晋,这个 …… 王爷说什么就是什么。,0.47802516902534653,中性
浣碧,"王爷,即便阿晋愿意,我也是不愿意的。小姐要在甘露寺中修行一辈子,若离了我,就只有槿汐一个人",0.5085149823384488,中性
允礼,"浣碧,你若嫁给阿晋为妻,常居住在清凉台,与娘子也是可以常常见面的,或者接娘子来清凉台小住也",0.5191013057484699,中性
浣碧,"那么王爷的意思,究竟是让我嫁给阿晋呢,还是借我和阿晋婚后让小姐久住清凉台?究竟是方便我们姐",0.8594683284593844,积极
甄,浣碧!,0.7297953905324696,积极
允礼,"浣碧,你是在帮着侄,还是在伤她的心呢?",0.9512159081914798,积极
浣碧,小姐 ……,0.34290862651516263,消极
甄,"王爷唤错了,我的法号是莫愁。浣碧的婚事匆匆说定也不好,不如以后从长计议。",0.4666577586026006,中性
浣碧,"不必了,匆匆也好,从长计议也罢,我若不喜欢一个人,断断是不会嫁给他的,我若喜欢一个人,即使",0.7723449614859449,积极
阿晋,我到底是配不上浣碧姑娘的。,0.7827178046120271,积极
甄,"浣碧一向心气高,如今又与我一同经历家变,难免很多事情都看淡了,还请王爷见谅。",0.9987942227182744,积极
允礼,今日之事是我鲁莽了。,0.8794433566334721,积极
甄,我回去一定好好劝劝她。,0.03888325087812827,消极
甄,王爷?,0.5,中性
允礼,阿晋昨天惹你生气了。,0.5840021689716333,中性
甄,"阿晋说话一向爽快,他若说了什么,我也不会生气,我为王爷高兴。",0.33169547367568075,消极
允礼,我就知道你会这么说。,0.417232818260973,中性
甄,"沛国公家世显赫,虽然手中早没了实权,但家教甚好,教出来的女儿必定风姿出众,何况太后又喜欢。",0.9994738935523976,积极
允礼,你是真心恭喜我吗?,0.8586976474685385,积极
甄,当然。,0.5262327818078083,中性
允礼,"我来帮你。(欲接衣服,甄直芸)无论你是否心口如一,我只想告诉你,我并不喜欢孟静娴,即便她如",0.9982062819334463,积极
甄,"太后十分中意孟小姐,何况王爷也到了该成婚的年纪。",0.5305932260062642,中性
允礼,"太后不知道,你不是不知道。",0.057242490885622055,消极
甄,"即便王爷不中意孟家小姐,太后也会为你挑选其他匹配的婚事,王爷还能拒绝以后的每一位吗?何况王",0.27850360821217357,消极
允礼,"我不是皇上,我的婚姻关联不到国运,太后也不会勉强我的,至于我所在意的意中人是否与我有相同的",0.44601599756263677,中性
甄,"精诚所至,或许是有金石为开那一天,只是妾身若如古井,不愿再起波澜。甘露寺不便男子往来,我也",0.6275556938268958,积极
允礼,你觉得我冒犯了你?,0.8,积极
甄,"不是冒犯,是云泥之别。王爷天潢贵胄,实在不宜多来此地。",0.7956752131583649,积极
允礼,你不愿意见我?,0.24862722387238223,消极
甄,"不该相见自然不愿见,还望王爷尊重我的意愿。(离去)",0.8702455204910654,积极
槿汐,"烧得厉害,这可怎么是好啊?",0.2282585441292292,消极
浣碧,"雪下得这么大,去凌云峰的禅房也来不及了,甘露寺又去不了,这前不着村后不着店的,怕也请不到大",0.3980269740490062,消极
槿汐,"这可怎么是好?这是哪儿呀这是?倒也不是前不着村后不着店,浣碧,前面就是清凉台,只有找一个人",0.050258225078464225,消极
莫言,浣碧怎么去了那么久啊?你们说的那个人到底会不会来?,0.49406061046179517,中性
槿汐,"我也不知道,只能赌一把,若真的走投无路,娘子也不能获救,我们始终跟娘子在一起。",0.6372803455977317,积极
槿汐,王爷!,0.5,中性
允礼,怎么烧得这么烫?,0.1473856368331442,消极
槿汐,"娘子身子本来就弱,又着了风,怕是受了风寒。",0.12361451078385366,消极
允礼,"这里一入冬就容易大雪封山,趁着雪还没有封路,赶紧跟我回清凉台。",0.5925033074317839,中性
槿汐,"谢王爷。凌云峰的禅房不能没人打点,我先上凌云峰去打点禅房,等娘子身子好一些你们再把她送回来。",0.6142155097314619,积极
允礼,好。多谢。,0.837330186885676,积极
莫言,你接过去的可是条命啊。,0.4737672181921908,中性
允礼,我知道。,0.5262327818078083,中性
莫言,"你不知道!你是个男人,男人都会让女人伤心的。",0.7194242280172517,积极
允礼,"如果救得了她,我必不伤她,我会尽力去做的,相信我。",0.8534217687183733,积极
莫言,就信你这一次。,0.44655748093210856,中性
允礼,去请温太医了吗?,0.41687824593283385,中性
阿晋,"已经派人进宫去了,说是王爷不适,一定要请温太医来看,只是这雪天路滑,温太医上山不便",0.36916090515078703,消极
允礼,"再不便也得来啊,清凉台本来药物就不多,娘子还一直高热不退,这样下去,只怕不好。",0.0064192129410041154,消极
浣碧,"已经拿冷水擦了那么多次了,可是小姐的高烧一点都没有退,这该如何是好啊?",0.006453647625854431,消极
允礼,"浣碧,你忙了半天了,先去休息吧,别把自己累坏了。",0.4845750885580449,中性
浣碧,可是小姐她 --,0.24731182795698936,消极
允礼,"这里有人照顾,你如果把自己累坏了,那就更没人照顾小姐了。阿晋,带浣碧姑娘下去休息。",0.9997589230556373,积极
阿晋,"是。浣碧姑娘,请。",0.7799149693048869,积极
浣碧,那就有劳王爷了。继续。(出),0.8772008394610272,积极
允礼,"我看着娘子,你们也下去吧。",0.5618565332226944,中性
阿晋,王爷你疯了?,0.3803601587841353,消极
允礼,"我就是疯了也得让侄把高热退了,去外边守着,不许乱说。",0.09104554915983476,消极
允礼,你终于来了!,0.5870307167235498,中性
温实初,给王爷请安。,0.5223013548702596,中性
允礼,瞧瞧。,0.875,积极
温实初,"雪夜难行,恕微臣来晚了。微臣正好带了一些疏散的药,还开了个方子,劳烦先在王爷这里煎了吧。",0.5113333158178922,中性
允礼,"好,快去。娘子好些了吗?",0.8987930653576969,积极
温实初,"幸好烧得不厉害,若还是像通传时说的高热不退,那就麻烦了。",0.0004481790704311539,消极
允礼,"好,我先去换身衣服,一会儿再过来看娘子。",0.552179865522985,中性
阿晋,"王爷,快去换件衣裳吧,嘴唇都冻紫了。",0.014869715321403576,消极
浣碧,"王爷,温太医来了吗?",0.3558480316913071,消极
允礼,"在里边呢,正要你照顾呢。(咳)",0.9904250344901365,积极
浣碧,"王爷,你怎么了?",0.5,中性
允礼,"没事,走得急摔雪里了,你赶紧进去吧。",0.4962492038615235,中性
温实初,"王爷您怎么又来了?这儿有微臣,您就放心吧。",0.7007384630223643,积极
允礼,"什么时候温太医给娘子看完病,也给我瞧瞧,我这两日总是咳得厉害。",0.9019189051273478,积极
温实初,"王爷您不好好休息,病情反复,反而不利于身体。",0.9382844959591096,积极
允礼,"这不大家都忙着呢吗,就我一个人闲着也过意不去,特意过来瞧一瞧,万一不适,好歹太医就在身边。",0.6182395736697776,积极
温实初,"浣碧姑娘,你已经熬了大半夜了,不如去休息吧。",0.5308540779569219,中性
浣碧,"也好,温大人,您也早点歇息吧,要是您也累病了,谁来照顾小姐啊?",0.9533756507432202,积极
允礼,"这样吧,今晚我也留在这里,温太医和浣碧就在这儿将就睡下,大家彼此都好照顾。",0.9454770492824716,积极
浣碧,多谢王爷体恤。,0.6341158099714417,积极
浣碧,"小姐,你醒了?",0.22828356787486215,消极
允礼,你好些了吗?,0.726977753654379,积极
甄,这是在哪儿?,0.5262327818078083,中性
允礼,"这是清凉台,你病得太重了,便把你接来清凉台照顾。",0.7947974903483177,积极
浣碧,"我真是高兴糊涂了,温大人就在那儿呢,我快请他过来给小姐看看。温大人,小姐醒了,快来啊。",0.0378597995802864,消极
温实初,"是好多了,是好多了。",0.7658088675002498,积极
甄,"既然好了,那我们赶紧回去吧。",0.27574698867346126,消极
允礼,"身子还没好全,还得安心静养,清凉台少有人到访,是最好的所在了。",0.5221656242176623,中性
温实初,其实清凉台也未必好。,0.7906212213777146,积极
浣碧,"若是清凉台不好,还有比这儿更好的所在吗?而且小姐现在身子这样,是能腾挪奔波的吗?",0.9077522974020146,积极
甄,槿汐呢?,0.5,中性
浣碧,"我陪小姐来了清凉台,槿汐去了凌云峰,出了什么事好互相照应着。",0.7042295624271817,积极
允礼,"采蓝、采O!(丫鬟入)你这几日病着,浣碧一个人照顾你十分的辛苦,这两日在外面煎药的事情都是采",0.2834758579302824,消极
甄,"王爷情况似乎不太对,你且瞧瞧。",0.4520371920620673,中性
温实初,"王爷是辛劳过度,又着了风寒,是而引起了发热,赶紧捂着被子睡一觉发发汗,我再开一个疏散的方",0.000312657980455211,消极
允礼,有劳太医了。,0.3547329482983548,消极
浣碧,"阿晋,快进来扶王爷一把。",0.3841153199290579,消极
允礼,"看来我是少不得要睡一觉了,娘子要好好休息啊。",0.23218619667549212,消极
浣碧,我扶王爷出去。,0.5,中性
甄,"我这里不要紧,你去看看他吧。",0.27514740181578434,消极
温实初,你很关心他?,0.8930283899890773,积极
甄,"果郡王一向仗义,如今又是这儿的东道主,拼死救了我,我不过是寻常问候两句而已,你连日照顾我也",0.999982091943531,积极
温实初,"那好吧,你先好好休息,我去看看王爷。",0.48333615018819587,中性
甄,"今日是三月初三上已节,咱们带上些节礼去看太妃,太妃一定很高兴。",0.9962150672470496,积极
浣碧,"我们也好久没见太妃了,是该去瞧瞧呢。",0.7159922938365622,积极
舒太妃,"今天天好,你也难得愿意出来走走。",0.8884238557741582,积极
甄,"许久不来看太妃了,真是我失礼了。",0.6660129617654965,积极
浣碧,太妃安好。,0.8793554630261529,积极
舒太妃,"这样花开时节,倒想听一听琴呢。上次损坏的琴弦我已经修好了,你也正好来试试称不称手。",0.08897316473235972,消极
允礼,"儿子正好带着长相守,可与娘子同奏,久闻娘子琴技甚好,不知可否同奏一曲?",0.9961185310391091,积极
甄,"长相思的旧主人在此,我怎敢夸口琴技呢?与王爷合奏,我也从未试过,怕是跟不上王爷的笛声。",0.8309029205911862,积极
舒太妃,"先帝去世以后,我不再碰长相思,这合奏之音也再不曾听闻过了,请娘子全一全我这未亡人的心愿吧,",0.9995879538794207,积极
甄,"太妃既有此言,那我相拒不如从命。",0.10309593838766473,消极
允礼,奏什么好呢 …… (与甄忠炜谕声)长相思?,0.9808286559888882,积极
舒太妃,你们俩倒是心意相通。,0.8338010065866936,积极
甄,"只因琴名长相思,是而我与王爷都想到了此处。",0.5013493712031759,中性
舒太妃,"我虽不太懂文墨,李白的长相思我还是知道的,不如就这首吧。",0.8943803579260955,积极
积云,"太妃说得是,别的琴笛便也罢了,咱们的长相思与长相守不止考较弹奏者的功力与技巧,还要合奏时心",0.9999877984850108,积极
甄,"积云姑姑这番话,倒是叫我瞎猫碰上了死老鼠,我和王爷彼此知晓那还说得过去,若说情致韵味,那真",0.7249914404320539,积极
积云,"是我说得高兴忘了分寸了,娘子别见怪才是。",0.08581047409390485,消极
允礼,"从前只是琴笛的合奏,如今还有额娘的吟唱,当真是完美无缺了。",0.9956793399403107,积极
甄,"琴笛合奏只能感受其间韵味,倒不如直接吟唱出长相思的歌词,世间的情意于太妃而言,是直接明了胜",0.9999969891057466,积极
舒太妃,甄娘子也算是我的知音了。,0.8123138991945364,积极
甄,"王爷每次出门,都会把长相守携带在身吗?",0.995213834,积极
允礼,每次来这边才会带上。,0.5883012929997253,中性
甄,王爷对太妃果然深有孝心。,0.9714999837031668,积极
允礼,"因为长相思在你这里,我是长相守的主人,来寻长相思的主人。",0.9587651537864924,积极
甄,王爷真会开玩笑。,0.21270991843231468,消极
允礼,"侄,我不是和你开玩笑。",0.24042513005449562,消极
甄,可我只能当您是玩笑。,0.4241650903200018,中性
允礼,"从前你是皇上的女人,现在已是自由之身!所以我说的不少和你玩笑,是真心话。你离开清凉台,我怕",0.8026644443321114,积极
甄,"我从前是宫中的宠妃,现在甘露寺我是带发修行,和宫廷已经毫无干系了,人非草木,王爷的心思我并",0.9998250672578004,积极
允礼,"因为你曾经是皇兄的宠妃,而我也出身宫廷,所以你不愿接受我?可是当年在宫里面,你可曾有一日过",0.9983765340907048,积极
甄,"即便没有宫里那段日子,过去和如今到底也不一样了。",0.9820649076200934,积极
允礼,"无论是过去还是现在,撇开宫里那段日子,你都是自由之身,可以和任何人在一起。你方才说“人非草",0.9974077906682378,积极
甄,王爷可曾与女子相爱过?,0.9962994485425858,积极
允礼,呃 -- 没有。,0.5262327818078083,中性
甄,"可我经历过,所以明白,有些事如果一开始就明知道不能善终,就不要去痴心妄想,去勉强求一个善果。",0.9843132267800029,积极
允礼,"你只伤心了一次,便要对世间的情字都失望了吗?",0.5243831365134926,中性
甄,"既然知道以后要伤心,那我就情愿从来没有认识过他,也不要遇见他。",0.681470978135348,积极
允礼,"如果有人一心一意待你,想给你四时明媚,为你遮风避雨,你也不愿意吗?",0.3215802337140443,消极
甄,"“碧玉小家女,不敢攀贵德”,往事既已成梦,将来之事也是一眼望得到底的,就不必再有任何做梦之事。",0.9948142166699789,积极
浣碧,怎么这么吵啊?,0.23093681917211317,消极
甄,怎么了?CC有猫!,0.23082833962758653,消极
浣碧,"槿汐,快点去打猫,小姐被猫伤过,见不得猫的!(一阵慌乱)",0.07905178460373607,消极
浣碧,王爷?是什么猫这么大啊?,0.6972526179489476,积极
允礼,"山里野猫。山野里怎么能养鸟呢?这里虽然没有大的猛兽,可是野猫却很多,最爱以鸟为食,还好没有",0.9984968948543199,积极
浣碧,"都是那个温大人,好端端地拿什么鸟来,说是逗小姐乐,却把野猫给招来了。",0.05221808839382891,消极
槿汐,"多谢王爷,要不是王爷相救,刚才真不知道会怎么样呢。真把奴婢吓坏了,从来没见过那么大的猫,说",0.2909256004576982,消极
甄,"今晚的事多谢王爷,只是这么晚了,王爷怎么还会在这儿附近呢?",0.466164295858546,中性
允礼,"这些天来,你都到二更天才睡,难怪脸色这样憔悴。",0.013400416417011174,消极
甄,你都在这儿?,0.5512110016420362,中性
允礼,我只想等你睡了再走。,0.18878038995416857,消极
甄,"可今日我已经睡下了了,你怎么还在这儿呢?",0.7666481960572511,积极
允礼,"侄,你就当我是贪看月色好了。今天都怪我,一不留神打了个盹,让你受惊了。",0.15612089198408174,消极
甄,"你是千金之体,何必要这样为难自己?",0.5622979499857981,中性
允礼,"何来为难?只要在外面能看到你屋里的灯光,心里便总觉得安慰些。",0.29262093527326294,消极
甄,"王爷快回去睡吧,已经三更天了。",0.2616502654500751,消极
允礼,"你放心地睡吧,我 …… 告辞了。",0.5789000432487277,中性
甄,是吗?,0.5262327818078083,中性
浣碧,"只有王爷的笛声才有这样的情韵,不知道今晚又要吹到几更呢?",0.06289544606563835,消极
浣碧,"小姐你听,外面的笛声是不是还在呀?",0.11126061087709327,消极
甄,是还在。,0.5746682977321914,中性
槿汐,"真是可怜,外面下起雨来了,怕是要淋坏人了。娘子,过去的事情都已经过去了,娘子若这么自苦,那",0.09883293156213868,消极
甄,"火烧眉毛,且顾眼下?",0.35371141316612675,消极
槿汐,"是啊,来日 -- 谁知道来日会是什么样子?今时今日遂了自己的心愿,让自己高兴了才是最好的,若是",0.9899561890219553,积极
槿汐,"是啊,这一步迟早是要迈出去的,只是迈出去得早,他们二人便能高兴得早一些罢了。",0.35436587706902134,消极
允礼,"侄,是你吗?",0.5,中性
甄,"是我,我来了。",0.5262327818078083,中性
允礼,"下着雨你还跑来,自己的身子不要了吗?",0.6485633009133253,积极
甄,"是你不要自己的身子了,这么大的雨还在这里吹笛子。",0.5523165039763562,中性
允礼,可你最怕打雷闪电了。,0.7168793661395576,积极
甄,"有你在,我便不再害怕了。",0.5359058874204553,中性
允礼,你再说一遍。,0.7506702412868634,积极
甄,"有你在,我便不再害怕了。",0.5359058874204553,中性
允礼,"侄,是什么时候你对我有了这样的心思?",0.4737672181921908,中性
甄,"或许是在清凉台,或许是在长河边,或许更早,但每每在我最需要你的时候,你永远都在我身边。",0.9999704737624517,积极
允礼,"你知道吗?如果没有你这番话,我都不知道我这些年在你心里是什么样子。",0.5036431777830869,中性
甄,"“积石如玉,列松如翠,郎艳独绝,世无其二”,你在我心中便是如此。",0.9998248403867631,积极
允礼,"侄,在我心里,你就是我的天地人间。没有你,这一切繁华锦绣,于我不过是万念俱空;只要有你,",0.9952371862730016,积极
甄,"我是废弃之身、罪臣之女,被弃之佛门,还生育过女儿,而你有无数名门闺秀可以选择,实在不必和我这样的残躯败体在一起。",0.9746459783428141,积极
允礼,"嘘 -- 侄,你要相信,你在我心里是最好的。这种牵手叫做同心扣,这样牵手的男女,到死也不会分",0.42101241323165617,中性
甄,"我觉得就是在做梦,千万不要让我梦醒。",0.47511275492428706,中性
允礼,"这不是梦,这是我们今后天天都会有的日子。侄,你知道吗,我得到你我有多高兴!我想马上就对额娘说:你的儿子得到了这个世界上他最想得到的人。",0.9974406978815857,积极
积云,"今日怎么这样巧,王爷和娘子一同来了呢。",0.9911257551109383,积极
允礼,额娘呢?,0.8152072787670052,积极
积云,"太妃才诵经完毕,正喝茶呢。",0.789008588279996,积极
舒太妃,允礼?,0.46502747877179296,中性
允礼,"来,先给额娘行礼吧。",0.7225970424885079,积极
甄,给太妃请安。,0.5860948216395501,中性
允礼,给额娘请安。,0.7750413975968852,积极
舒太妃,"今儿这是怎么了,行这么大的礼?(然后懂了)好,好,总算在一块了。",0.7963930948551106,积极
甄,"多谢太妃。听太妃方才的语气,好像早知道我与他 ……",0.683438727701542,积极
允礼,我可什么都没说啊。,0.1364170902604377,消极
舒太妃,"允礼当真什么都没跟我说,只是你们那一日琴笛合奏,真当我老了什么也瞧不出来了吗?心有灵犀这",0.47332915845437584,中性
允礼,"此事也是峰回路转,也是刚刚才定下来,儿子这不赶紧就带着侄来给额娘请安了吗?侄,我带你来",0.5291813165774026,中性
舒太妃,"允礼这样说,可见他对你用心不是一天两天的事了,从前的路你们总算熬过来了,守得云开见月明,",0.643652707571716,积极
甄,"方才来的时候我还害怕,怕太妃会不喜欢我。",0.1799497397166494,消极
舒太妃,"我知道你在意什么,只是过去的就都过去了,大清开国以来,没听说过废妃再回去的,与其老死宫外,",0.9742528986345105,积极
甄,"太妃的话,侄铭记在心。",0.5253668105198639,中性
甄,怎么这么早就过来了?,0.5225225225225225,中性
允礼,"一早骑马回了清凉台,见开了第一束玉兰,特地拿来给你,山花烂漫处,你我相见。",0.8204809366343484,积极
甄,吃过东西没有?,0.521039558473184,中性
允礼,"就急着过来看你,我一点都不饿。",0.18951766284862948,消极
甄,"嘴这么甜,跟抹了蜜似的。宫里可出了什么事?",0.844165137348253,积极
允礼,"隆科多圈禁而死,太后病重。",0.023674149457850735,消极
甄,兔死狗烹是皇上惯用的权术。,0.9833680658304523,积极
允礼,"今时今日你提起他,就像是一个无关紧要的人。",0.7825956707027393,积极
甄,本就是个无关紧要的人。,0.5443456329515354,中性
允礼,"真巧,我正想画画呢,你把东西都摆好了,我来画你好不好?(坐下画画)",0.7872008508757528,积极
甄,果然不错。,0.8612132352941176,积极
允礼,"我虽然没有看到你,但是你的样子刻在我的心里,怎么能画不出来呢?",0.29101624040019525,消极
甄,"又胡说。看看,在这儿(拿画笔补了几笔),这样就更像了。(温实初入)你来了?",0.18039304745251095,消极
温实初,我来得不巧。,0.910741355438489,积极
甄,无妨 -- 允礼他不是外人。,0.7698019184984112,积极
温实初,允礼?,0.46502747877179296,中性
甄,"看着这水,我便想起昔年在圆明园湖中偶遇你的情景,不曾想还有今天。",0.9990457408233838,积极
允礼,"是啊,那日你胆子可真够大的,敢去偷偷看被禁了足的姐妹。",0.09702151413764026,消极
甄,也不知眉姐姐如今怎么样了?,0.8282206241250551,积极
允礼,"她很好,才刚晋了惠嫔。除了去看胧月,她还是不喜欢与人来往。",0.560947959993269,中性
甄,"以姐姐的气性,她是宁愿孤老宫中也不会再回头向皇上乞怜的,只是她还这样年轻美貌,却要郁郁终生,",0.9909005297614428,积极
允礼,"你觉得她可惜吗?有太后的保护,况且她还是失了宠的人,没有人会加害于她。",0.9732164550539524,积极
甄,"就如我的胧月一样,她不像太子一般惹人注目,我只希望我的胧月能够平安。",0.2040135102131846,消极
允礼,"皇兄和太后都视她如掌上明珠,何况胧月本身也十分地讨人喜爱,你不必担心。每个人都好,你现在需要的只是好好地爱护自己。",0.9717304754616843,积极
甄,"是,要好好地爱护自己,为你,也为所有让我牵挂的人。",0.9923699088490096,积极
甄,"积年旧物了,还这样贴身藏着呢?",0.6461296487063605,积极
允礼,"虽然是积年旧物,可是这么些年如果没有它,我的心境也不会如此平静。有时候我总以为,这辈子能够留下的只有这一枚小像了。",0.9954918393516051,积极
甄,"其实在宫中时,我已把你视作知己,只是我害怕自己的心。",0.6732402458109801,积极
允礼,那么现在你还怕吗?,0.625,积极
甄,"有你在,我什么都不怕。",0.5512110016420362,中性
对应集数,第56集,0.6798427911276061,积极
太监,熹妃回宫 --,0.7085923308003611,积极
甄,"臣妾归来,恭祝皇上、皇后圣体康健、福泽万年。",0.9983086332873524,积极
皇帝,一路可好吗?,0.8684082236440419,积极
甄,都好。,0.6781861578857119,积极
皇后,"皇上一告诉本宫你要回来,本宫开心得不得了啊。",0.6798983904000974,积极
甄,多谢皇后娘娘关怀备至。,0.7827273829106413,积极
皇帝,"果郡王既为册封使,便代朕将册封熹妃之旨晓谕六宫,此刻诸妃皆在,劳十七弟宣读吧。",0.9793049521868705,积极
允礼,"是。奉天承运,皇帝诏曰:惟赞宫廷而衍庆,端赖柔嘉,钮祜禄甄,毓质名门,温恭懋著,仰承皇太",0.9690993166867594,积极
皇帝,"这一路奔波劳苦,朕该好好谢谢你才是。",0.961907187350756,积极
允礼,"皇上若高兴的话,将珍藏的几幅古画赏给臣弟就是了,免得臣弟日思夜想。",0.9454536268103068,积极
皇帝,"好,随你挑就是。当年为祈国运昌隆,熹妃诞下四阿哥后,不顾一己之身,自请出宫祈福,朕感其心意,",0.9958848074953174,积极
康常在,听说熹妃就是以前的莞嫔?,0.7393823140847845,积极
贞嫔,"是不是又怎样,皇上说她是谁,她就是谁。",0.3724107845740364,消极
陵容,"妹妹只当此生再不能见姐姐了,不想还有今日。",0.9148923910478602,积极
甄,"多年不见妹妹,妹妹一切如旧。",0.6451961385804049,积极
敬妃,"熹妃今日气色不是上佳,兴许是舟车劳顿,有孕在身的人不宜在风口中久站,还是早点回去休息吧。惠",0.8429979676189694,积极
陵容,"皇上为了姐姐的永寿宫费尽心思,又在库里寻了多少积年的珍宝出来,也不让咱们看新鲜,只等姐姐回",0.9913235771609036,积极
皇帝,"日后总有去的时候,何必急于一时呢?先让熹妃安顿下来再说不迟。朕陪你回永寿宫。",0.7633346145775729,积极
对应集数,第63集 (这场戏横跨两集，是全剧高潮),0.9997609624059972,积极
祺贵人,看来熹贵妃与你的情谊还真不一般呢,0.7274248745305639,积极
温太医,小主，你,0.6007971142404795,积极
熹贵妃,斐雯，你在宫里的这些日子，本宫倒没瞧出你有这份心胸,0.8458258976628779,积极
斐雯,奴婢伺候娘娘，有什么心胸都牵挂在娘娘身上，但是奴婢在宫里当差，只能对皇上一人尽忠，若有得罪还请娘娘恕罪。,0.6354078066837592,积极
熹贵妃,你对皇上尽忠也算得罪本宫的话，岂非要治本宫于不忠不义之地了 （对皇后）容臣妾问她几句话 （对斐雯）斐雯，无论今日之事结局如何，你都不能再回永寿宫，再伺候本宫了,0.9996422981254341,积极
斐雯,只要是在宫里伺候，无论服侍哪位小主，奴婢都会赴汤蹈火在所不辞,0.548231562758294,中性
熹贵妃,很好，好歹主仆一场，今日你既来揭发本宫的私隐，想必也是知道是最后一遭伺候本宫了。自己份内之事也该做好。我问你，你出来前，可把正殿紫檀桌上的琉璃花樽给擦拭干净了,0.9995759396780659,积极
斐雯,已经擦了,0.3380281690140846,消极
谨悉,胡言乱语，娘娘的紫檀桌上何曾有琉璃花樽，那分明是青玉的,0.009185733466132717,消极
斐雯,是奴婢记错了，是青玉花樽,0.9131472455940143,积极
敬妃,看来斐雯的记性不大好啊，难为你了，还能记得温太医袖口上的花纹,0.5943784875071743,中性
斐雯,奴婢记得，是青玉花樽，没错,0.9332868452888445,积极
熹贵妃,正殿紫檀桌上从未放过什么琉璃花樽，你伺候本宫，不把心思放在正经事上，到日日留心哪位太医的手搭了本宫的手，翻出来的袖口上绣了什么花样（对皇后）这些情景若是放了旁人，是看都不敢看（对斐雯）为何你连了枝叶末节都这般留意，如此居心实在可疑,0.6374521295579801,积极
斐雯,奴婢日夜心里只牵挂着这件大事，哪里还留心的了别的事情,0.9560498814584663,积极
端妃,想来若温太医和熹贵妃真有私情，自然是会防着别人的，怎么斐雯回回都能瞧得见，还瞧得那么真切，难道斐雯，事事分外留心主子的一言一行？,0.9989005230255402,积极
敬妃,你这丫头，真是。竟敢日日盯着熹贵妃私自窥探。皇后娘娘，臣妾认为，此事颇为蹊跷，定是幕后有人主使，这丫头讲的话不能相信。恐怕后面还有更大的阴谋呢,0.9995275638910002,积极
欣贵人,臣妾疑惑，祺贵人住在交芦馆，斐雯是永寿宫的宫女，既然人人皆知祺贵人向来不敬熹贵妃，为何永寿宫的宫女会和祺贵人一起来向皇后揭发此事呢,0.9998287650177693,积极
贞嫔,若真如斐雯所说，万一哪天熹贵妃暗下毒手，那这后宫的秽乱之事就没人再知道了。这样说来她向祺贵人求助也不是全无道理,0.036416326983637726,消极
安嫔,臣妾听说，念佛的人心肠都好些，连只蚂蚁都舍不得踩死，熹贵妃是在甘露寺为国祈福修行过的人，又得菩萨庇佑产下皇嗣，怎么会有如此淫乱之事呢,0.9996687773401391,积极
祺贵人,佛门清净地本事供人清心静修的，甄稚性淫贱，竟在甘露寺修行时大行秽乱之事,0.04400575322935174,消极
谨悉,贵人，甘露寺乃大清圣寺，贵人如此血口喷人，胡言乱语，就不怕菩萨责罚吗,0.10697470769749684,消极
苏公公,皇上驾到――,0.8087741105290288,积极
合宫众人,皇上万福金安,0.910194039871607,积极
皇上,后宫无一日安宁的，朕何从万安,0.3964903656113875,消极
皇后,臣妾等搅扰了皇上清安，望皇上恕罪,0.9925238291688252,积极
皇上,说吧，出了什么事，这么乱哄哄的,0.02742677057794296,消极
祺贵人,臣妾要告发熹贵妃私通秽乱后宫,0.9960455182541595,积极
祺贵人,臣妾以性命担保，所说的句句是实情,0.8599212424956343,积极
皇后,祺贵人在众人面前发了毒誓，臣妾看她如此郑重或许有隐情。若真有什么误会立刻解开了也好，否则若以讹传讹出去，对熹贵妃清誉亦是有损,0.9999977579198464,积极
皇上,好，朕就听你一言，如有虚言，朕决不轻饶,0.8807848368533031,积极
祺贵人,臣妾有凭证证实，熹贵妃与温实初私通。熹贵妃出宫后，温实初屡屡入甘露寺探望，孤男寡女常常共处一室。皇上若不信，大可传甘露寺姑子细问，此刻人已在宫中,0.9999978862955694,积极
皇后,要不要传还请皇上做主,0.5521321150448563,中性
皇上,传,0.6122448979591835,积极
永寿宫中,玉娆：碧姐姐，十七爷的病可好些啊,0.9989863253528987,积极
浣碧,好多了，小主呢？怎么这么久都没有见到她？,0.7538037321105371,积极
玉娆,她刚刚被江公公带走了，现在还没回来呢,0.2198663537531893,消极
阿绿,浣碧姑娘在就好了，宁贵人让我赶紧来告诉一声，祺贵人她们请了甘露寺的姑子来指证娘娘在宫外有奸情,0.49509700385734645,中性
浣碧,什么?!,0.5,中性
阿绿,让姑娘看到底有什么办法，最好也有甘露寺的人来指证那姑子说的是假话,0.6090339531827084,积极
玉娆,姐姐怎么会有奸情呢，皇上真是糊涂,0.724771572970403,积极
浣碧,要找甘露寺的人得找莫言，二小姐，我们务必要在宫门下钥之前赶回来,0.021999366777799678,消极
玉娆,好，我和小允子去，你就留在这里免得再出事。阿绿，你是宁贵人身边的人，你就到宫门口接应,0.4105549598082875,中性
阿绿,好,0.6558628208940429,积极
玉娆,小允子快走,0.7428350114982952,积极
小允子,是,0.5262327818078083,中性
玉娆,别拦着我，姐姐出事了，我要去救人，走,0.5532765792021022,中性
慎贝勒,宫里怎么了,0.8715065618351667,积极
景仁宫,静白：贫尼甘露寺静白见过皇上，皇后娘娘。熹贵妃安好，许久不见，不知熹贵妃还记得故人吗,0.9973410852102432,积极
熹贵妃,静白师父，能劳动大驾进宫，想必是挨的板子已经好了,0.9997892824360424,积极
静白,熹贵妃赏的一顿板子，倒是教会了贫尼说实话,0.06553393127157303,消极
熹贵妃,但愿如此,0.6153846153846156,积极
祺贵人,静白师父有什么话赶紧回了，也不耽误师父清修,0.4956099255673624,中性
静白,是。熹贵妃娘娘初来甘露寺时，素不理睬众人，咱们这些人也只得敬而远之了。那时宫中常有一位年长的姑姑前来探望娘娘，除此之外便只有一位姓温的太医常来探望的。贫尼有几次经过娘娘的住处，见白日里娘娘的房门有时也掩着，而两个侍女都守在外头。贫尼当时看着深觉不妥，想劝解几句，反倒被娘娘给骂了回来。贫尼便也不好再说什么了。后来为避寺中流言，熹贵妃称病搬离甘露寺，独自携了侍女住在凌云峰，从此之后是否还有往来，贫尼便不得而知了,0.7411771868632687,积极
祺贵人,请问师父所说的温太医，此刻可在殿中,0.3293133540388531,消极
静白,阿弥陀佛，便是眼前的这一位了,0.9652141908739034,积极
皇帝,那些贱奴才是怎么说的?,0.4702727150281907,中性
苏培盛,"都已经招了,除了招供谋害熹贵妃的事,还吐了不少东西出来。",0.029167357658604565,消极
皇帝,还有?,0.5262327818078083,中性
苏培盛,"其他都不是什么大事,但只有一件,奴才不敢不来禀报。",0.15264469107254153,消极
皇帝,什么事啊?,0.467669172932331,中性
苏培盛,"皇上,纯元皇后的死因,与-一与皇后有关。",0.8831255717623946,积极
皇帝,大胆!,0.8333333333333333,积极
苏培盛,奴才不敢。,0.30490047778240426,消极
皇帝,"你说,一五一十地说。",0.24951588906811173,消极
苏培盛,"是。皇上,奴才问过太医,说芭蕉性寒,平时少吃些倒还无妨,只是有孕的女子千万不可轻易碰食,",0.9336478599661283,积极
皇帝,是那些奴才亲口说的吗?,0.3074225841744428,消极
苏培盛,"剪秋受尽了酷刑,什么也没招,倒是那江福海招了个干干净净。此外,纯元皇后所产下的死胎身带紫",0.5775768187314078,中性
皇帝,不是因为从前那个侧福晋惹得纯元惊悸忧思的缘故吗?,0.670919571559158,积极
苏培盛,"太医说,正因如此,所以这些诡计才被掩饰了过去。",0.23472190083438538,消极
皇帝,果真是她 ……,0.6382252559726964,积极
苏培盛,"是啊,皇上,除了谋害纯元皇后之外,还有很多呀。",0.8657827317746621,积极
皇帝,"朕以为她与纯元是亲姐妹,她待纯元既恭谨又谦和,带她来,我与她多年夫妻,朕相信她筹谋储君,朕",0.9999935101738235,积极
皇帝,"已经到了这地步,你可认罪吗?",0.3681071819851921,消极
皇后,"皇上既然已经相信,何必再来问臣妾呢?",0.8798939347092275,积极
皇帝,"若非等你亲口认罪,你以为朕还愿意再见到你这张脸?",0.08713980545506539,消极
皇后,"臣妾已经年老色衰了,皇上自然会嫌恶,臣妾只是想,若姐姐还在,皇上是否还真心喜爱她逐渐老去的",0.9999989628360516,积极
皇帝,"心慈则貌美,纯元纵然年华老去,也一定会胜过你万千。",0.9939768358361131,积极
皇后,"这对玉镯还是臣妾入府的时候皇上亲自为臣妾戴上的,“愿如此环,朝夕相见”,可如今皇上以为臣妾犯",0.9999629675450091,积极
皇帝,"你知道朕并不在意嫡庶,皇额娘也不在意,皇额娘是庶出,朕也是庶出。",0.5153698082536253,中性
皇后,"皇上,你可曾知道庶出的女子有多痛苦啊?嫡庶尊卑分明,臣妾与臣妾的额娘很少受到重视,你何曾明",0.9999974646678014,积极
皇帝,"朕明白,正因为朕明白,所以才在你入府以后厚待于你,即便朕立了纯元为唯一的福晋,你也是仅次于",0.29136365064802283,消极
皇后,"本该属于臣妾的福晋之位被他人一朝夺去,本该属于臣妾儿子的太子之位也要另属他人,臣妾夫君所有",0.99990510528081,积极
皇帝,"纯元是你的亲姐姐,要你入府是朕错了。",0.6793151981386591,积极
皇后,"皇上错在不是迎臣妾入府,是不该迎姐姐入府、专宠姐姐,既生瑜何生亮啊,皇上何等睿智,怎么到了",0.982088959550981,积极
皇帝,"是朕太看重你们的姐妹之情了,你就不怕报应?午夜梦回的时候,你就不怕纯元和孩子来向你追魂索命 ?!",0.7764404324858541,积极
皇后,"她要来索命尽管来索呀,免得臣妾长夜漫漫,总梦见我的孩子向我啼哭不已。孩子夭亡的时候姐姐有了",0.998667424857873,积极
皇帝,"你疯了,是朕执意要娶纯元,是朕执意要立她为福晋,是朕与她有了孩子,你为什么不恨朕 !!",0.09082152091462681,消极
皇后,"皇上以为臣妾不想吗?臣妾多想恨你呀,可是臣妾做不到,臣妾做不到啊!皇上的眼中只有姐姐,皇上",0.9999932750958588,积极
皇帝,"佛口蛇心,你真是让朕恶心。",0.09519991054927224,消极
皇后,"皇上,臣妾若不是身在皇后之位要保全自身,也希望皇上心中还记得臣妾的一点好,臣妾何尝不愿意什",0.9999997741976353,积极
苏培盛,。,0.5,中性
